
-- account
INSERT INTO `account` (`id_account`, `name`, `surname`, `photo`, `email`, `password`, `phone_number`, `club_status`, `role`) VALUES
(1, 'Jan', 'Kowalski', NULL, '123@mail.com', '????R?M? 6??1>?U', '1234567899', NULL, 'Boatswain'),
(2, 'Janko', 'Walsky', NULL, 'janko@mail.com', '????R?M?6??1>?U', '1234567819', NULL, 'Sailor'),
(3, 'Jan', 'Kowalski', NULL, 'kowalski@mail.com', '????R?M? 6??1>?U', NULL, NULL, 'Maat'),
(4, 'Jan', 'Kowalski', NULL, 'kowalski@mail.com', '	?k?F!?s??N?&\'??', '1234567899', NULL, 'Sailor'),
(5, 'Jan', 'Nazwisko', NULL, 'admin@mail.com', '????R?M? 6??1>?U', '1234567899', NULL, 'Admin'),
(6, 'Testowy', 'Nazwisko', NULL, '1234@mail.com', '????R?M? 6??1>?U', '1234567819', NULL, 'Maat'),
(7, 'Testowy', 'Nazwisko', NULL, '2@mail.com', '????R?M? 6??1>?U', '5768678675', NULL, 'Boatswain'),
(8, 'Testowy', 'Testowane', NULL, 'testtestowy2@mail.com', '????R?M? 6??1>?U', '1234567899', NULL, 'Sailor'),
(9, 'Testowy', 'Testowane', NULL, '3@mail.com', '????R?M? 6??1>?U', '1234567899', NULL, NULL),
(10, 'Testowy', 'Testowane', NULL, '4@mail.com', '????R?M? 6??1>?U', '1234567899', NULL, NULL),
(11, 'Testowy', 'Nazwisko', NULL, '5@mail.com', '????R?M? 6??1>?U', NULL, NULL, NULL),
(12, 'Testowy', 'Nazwisko', NULL, '6@mail.com', '????R?M? 6??1>?U', '1234567899', NULL, 'Boatswain'),
(13, 'Jan', 'Jankowski', NULL, 'nowyTest@mail.com', '????R?M?\06??1>?U', NULL, NULL, 'Boatswain'),
(14, 'Jan', 'Janowski', NULL, 'nowyMarynarz@mail.com', '????R?M?\06??1>?U', NULL, NULL, 'Sailor'),
(15, 'Jan', 'Kowalczyk', NULL, 'nowyAdmin@mail.com', '????R?M?\06??1>?U', NULL, NULL, 'Admin'),
(16, 'Jan', 'Mat', NULL, 'nowyMat@mail.com', '????R?M?\06??1>?U', NULL, NULL, 'Maat'),
(17, 'aasg', 'asg', NULL, 'asg@sdg.fftj', '?W???X????v??\\?', '1234567899', NULL, NULL);




-- power


INSERT INTO `power` (`id_power`, `power_name`) VALUES
(1, 'Patent ¿eglarza jachtowego'),
(2, 'Patent jachtowego sternika morskiego'),
(3, 'Patent kapitana jachtowego'),
(4, 'Patent sternika motorowodnego');

-- --------------------------------------------------------


-- power_assignment


INSERT INTO `power_assignment` (`account_id_account`, `power_id_power`) VALUES
(1, 1),
(1, 4),
(2, 2),
(2, 4);

-- --------------------------------------------------------




-- yacht

INSERT INTO `yacht` (`id_yacht`, `yacht_name`, `type`, `length`, `width`, `draft`, `sailed_surface`, `crew_number`, `remarks`, `isAvailable`) VALUES
(1, 'Sally', 'Solina 22', 6.7, 2.7, 0.3, 23, 4, 'test', 1),
(2, 'Telewizor', 'Antilla 33', 10, 3.2, 0.45, 49, 10, NULL, 1),
(3, 'test', 'dodania', 0.03, 0.02, 0.01, 0.01, 2, NULL, 1),
(4, 'test', 'dodania2', 0.01, 0.03, 0.01, 0.01, 1, NULL, 1);

-- order

INSERT INTO `order` (`id_order`, `request_date`, `isAccepted`, `isReleased`, `start_date`, `end_date`, `account_id_account`, `yacht_id_yacht`, `account_id_account1`, `account_id_account2`, `isReturned`, `orderType`) VALUES
(31, '2023-01-29 16:51:50', 1, 0, '2023-01-09 07:00:00', '2023-01-09 09:00:00', 1, 2, 1, NULL, 0, ' '),
(32, '2023-01-29 16:51:50', 1, 0, '2023-01-16 07:00:00', '2023-01-16 09:00:00', 1, 2, 1, NULL, 0, ' '),
(33, '2023-01-29 16:51:50', 1, 0, '2023-01-23 07:00:00', '2023-01-23 09:00:00', 1, 2, 1, NULL, 0, ' '),
(34, '2023-01-29 16:51:50', 1, 0, '2023-01-09 07:00:00', '2023-01-09 09:00:00', 1, 3, 1, NULL, 0, ' '),
(35, '2023-01-29 16:51:50', 1, 0, '2023-01-16 07:00:00', '2023-01-16 09:00:00', 1, 3, 1, NULL, 0, ' '),
(36, '2023-01-29 16:51:50', 1, 0, '2023-01-23 07:00:00', '2023-01-23 09:00:00', 1, 3, 1, NULL, 0, ''),
(37, '2023-01-29 16:51:50', 1, 0, '2023-01-09 07:00:00', '2023-01-09 09:00:00', 1, 4, 1, NULL, 0, 'impreza'),
(38, '2023-01-29 16:51:50', 1, 0, '2023-01-16 07:00:00', '2023-01-16 09:00:00', 1, 4, 1, NULL, 0, ''),
(39, '2023-01-29 16:51:50', 1, 0, '2023-01-23 07:00:00', '2023-01-23 09:00:00', 1, 4, 1, NULL, 0, ''),
(40, '2023-01-29 18:05:33', 1, 1, '2023-01-29 00:00:00', '2023-01-31 00:00:00', 1, 2, 1, 16, 0, ''),
(41, '2023-01-29 18:05:37', 1, 0, '2023-01-29 00:00:00', '2023-01-31 00:00:00', 1, 3, 1, NULL, 0, ' '),
(42, '2023-01-29 18:05:37', 1, 0, '2023-01-29 00:00:00', '2023-01-31 00:00:00', 1, 4, 1, NULL, 0, ' '),
(43, '2023-01-29 18:29:45', 1, 0, '2023-01-01 07:00:00', '2023-01-01 09:00:00', 1, 4, 1, NULL, 0, ' '),
(44, '2023-01-29 18:29:45', 1, 0, '2023-01-02 07:00:00', '2023-01-02 09:00:00', 1, 4, 1, NULL, 0, ' '),
(45, '2023-01-29 18:29:45', 1, 0, '2023-01-03 07:00:00', '2023-01-03 09:00:00', 1, 4, 1, NULL, 0, ' '),
(46, '2023-01-29 18:29:45', 1, 0, '2023-01-04 07:00:00', '2023-01-04 09:00:00', 1, 4, 1, NULL, 0, ' '),
(47, '2023-01-29 18:29:45', 1, 0, '2023-01-05 07:00:00', '2023-01-05 09:00:00', 1, 4, 1, NULL, 0, ' '),
(48, '2023-01-29 18:29:45', 1, 0, '2023-01-06 07:00:00', '2023-01-06 09:00:00', 1, 4, 1, NULL, 0, ' '),
(49, '2023-01-29 18:29:45', 1, 1, '2023-01-07 07:00:00', '2023-01-07 09:00:00', 1, 4, 1, 3, 0, 'impreza'),
(50, '2023-01-29 18:31:33', 1, 0, '2023-01-01 11:00:00', '2023-01-01 13:00:00', 1, 4, 1, NULL, 0, ' '),
(51, '2023-01-29 18:31:33', 1, 0, '2023-01-08 11:00:00', '2023-01-08 13:00:00', 1, 4, 1, NULL, 0, ' '),
(52, '2023-01-29 18:31:33', 1, 0, '2023-01-15 11:00:00', '2023-01-15 13:00:00', 1, 4, 1, NULL, 0, ' '),
(53, '2023-01-29 18:31:33', 1, 0, '2023-01-22 11:00:00', '2023-01-22 13:00:00', 1, 4, 1, NULL, 0, ' '),
(54, '2023-01-29 18:35:12', 1, 0, '2023-01-02 01:00:00', '2023-01-02 02:00:00', 1, 4, 1, NULL, 0, ' '),
(55, '2023-01-29 18:36:34', 1, 0, '2023-01-09 01:00:00', '2023-01-09 02:00:00', 1, 4, 1, NULL, 0, ' '),
(56, '2023-01-29 18:36:39', 1, 0, '2023-01-16 01:00:00', '2023-01-16 02:00:00', 1, 4, 1, NULL, 0, ' '),
(57, '2023-01-29 18:36:39', 1, 0, '2023-01-23 01:00:00', '2023-01-23 02:00:00', 1, 4, 1, NULL, 0, ' '),
(58, '2023-01-29 18:50:29', 1, 0, '2023-01-25 07:00:00', '2023-01-25 09:00:00', 1, 3, 1, NULL, 0, ' '),
(59, '2023-01-29 18:52:21', 1, 0, '2023-01-25 11:00:00', '2023-01-25 13:00:00', 1, 3, 1, NULL, 0, ' '),
(60, '2023-01-29 19:04:15', 1, 0, '2023-01-11 11:00:00', '2023-01-11 13:00:00', 1, 4, 1, NULL, 0, ' '),
(61, '2023-01-29 19:04:16', 1, 0, '2023-01-18 11:00:00', '2023-01-18 13:00:00', 1, 4, 1, NULL, 0, ' '),
(62, '2023-01-30 19:12:02', 1, 0, '2023-01-01 07:00:00', '2023-01-01 15:00:00', 1, 3, 1, NULL, 0, ' '),
(63, '2023-01-30 19:32:26', 0, 0, '2023-01-02 00:00:00', '2023-01-02 01:00:00', 2, 2, NULL, NULL, 0, 'inwidualny'),
(64, '2023-01-30 20:00:18', 0, 0, '2023-01-01 01:00:00', '2023-01-01 05:00:00', 1, 2, NULL, NULL, 0, 'inwidualny'),
(65, '2023-01-30 20:01:46', 1, 0, '2023-01-01 10:00:00', '2023-01-01 12:00:00', 1, 2, 1, NULL, 0, 'inwidualny'),
(66, '2023-01-30 20:02:23', 1, 0, '2023-01-02 03:00:00', '2023-01-02 05:00:00', 1, 3, 1, NULL, 0, 'impreza'),
(67, '2023-02-03 12:10:13', 1, 0, '2023-02-03 00:00:00', '2023-02-03 01:00:00', 1, 4, 1, NULL, 0, 'inwidualny'),
(68, '2023-02-03 12:13:51', 1, 0, '2023-02-03 06:00:00', '2023-02-03 19:00:00', 1, 2, 1, NULL, 0, 'inwidualny'),
(69, '2023-02-07 11:19:57', 1, 0, '2023-02-02 12:00:00', '2023-02-02 13:00:00', 1, 2, 1, NULL, 0, 'inwidualny'),
(70, '2023-02-07 11:21:10', 1, 0, '2023-02-02 09:00:00', '2023-02-02 11:00:00', 1, 2, 1, NULL, 0, 'inwidualny'),
(71, '2023-02-07 11:21:10', 1, 0, '2023-02-02 09:00:00', '2023-02-02 11:00:00', 1, 3, 1, NULL, 0, 'inwidualny'),
(72, '2023-02-07 11:21:50', 1, 0, '2023-02-02 01:00:00', '2023-02-02 02:00:00', 1, 2, 1, NULL, 0, 'inwidualny'),
(73, '2023-02-09 15:40:03', 1, 0, '2023-02-17 11:00:00', '2023-02-17 12:00:00', 1, 3, 1, NULL, 0, 'inwidualny'),
(74, '2023-02-09 15:40:03', 1, 0, '2023-02-17 11:00:00', '2023-02-17 12:00:00', 1, 4, 1, NULL, 0, 'inwidualny'),
(75, '2023-02-09 15:53:19', 0, 0, '2023-02-17 14:00:00', '2023-02-17 15:00:00', 2, 4, 1, NULL, 0, 'inwidualny'),
(79, '2023-02-15 11:13:18', 1, 0, '2023-02-18 11:00:00', '2023-02-18 12:00:00', 13, 2, 13, NULL, 0, 'inwidualny'),
(80, '2023-02-15 11:13:18', 1, 0, '2023-02-18 11:00:00', '2023-02-18 12:00:00', 13, 3, 13, NULL, 0, 'inwidualny'),
(81, '2023-02-15 11:13:18', 1, 0, '2023-02-18 11:00:00', '2023-02-18 12:00:00', 13, 4, 13, NULL, 0, 'inwidualny'),
(82, '2023-02-20 14:39:09', 1, 0, '2023-02-25 08:00:00', '2023-02-25 09:00:00', 14, 4, 13, NULL, 0, 'inwidualny'),
(83, '2023-02-23 16:53:44', 1, 0, '2023-02-25 12:00:00', '2023-02-25 13:00:00', 13, 2, 13, NULL, 0, 'inwidualny'),
(84, '2023-02-23 16:53:45', 1, 0, '2023-02-25 12:00:00', '2023-02-25 13:00:00', 13, 3, 13, NULL, 0, 'inwidualny'),
(86, '2023-02-24 08:54:26', 1, 0, '2023-02-27 13:00:00', '2023-02-27 18:00:00', 13, 1, 13, NULL, 0, 'inwidualny'),
(87, '2023-02-24 08:54:27', 1, 0, '2023-02-27 13:00:00', '2023-02-27 18:00:00', 13, 2, 13, NULL, 0, 'inwidualny'),
(88, '2023-02-24 08:54:28', 1, 0, '2023-02-27 13:00:00', '2023-02-27 18:00:00', 13, 3, 13, NULL, 0, 'inwidualny'),
(89, '2023-02-24 08:54:28', 1, 0, '2023-02-27 13:00:00', '2023-02-27 18:00:00', 13, 4, 13, NULL, 0, 'inwidualny'),
(90, '2023-02-24 14:49:59', 0, 0, '2023-02-24 20:00:00', '2023-02-24 23:00:00', 14, 2, NULL, NULL, 0, 'inwidualny'),
(91, '2023-02-24 16:58:42', 0, 0, '2023-02-25 01:01:00', '2023-02-27 01:01:00', 14, 1, NULL, NULL, 0, 'inwidualny');

-- --------------------------------------------------------


-- status

INSERT INTO `status` (`id_status`, `status_date`, `conditon`, `yacht_id_yacht`, `sailing_possibility`, `account_id_account`) VALUES
(1, '2022-09-06 00:00:00', 'wydany', 1, 1, 3),
(2, '0001-01-01 05:00:00', 'odebrany', 1, 1, 3),
(3, '2023-01-04 00:00:00', 'statek zaton¹³ w przystani ;c', 1, 0, 1),
(4, '2023-01-20 00:00:00', 'odebrany', 1, 1, 3),
(5, '0001-01-23 00:00:00', 'wydany, test', 1, 1, 3),
(6, '0001-01-23 00:00:00', 'odebrany,  ', 1, 1, 3),
(7, '2023-01-07 07:00:00', 'wydany; ', 4, 1, 3),
(8, '2023-01-29 01:00:00', 'wydany; ', 2, 1, 16);

-- --------------------------------------------------------
